class,mrr,support
Olumsuz,0.5715228665723715,606
Öfke / Kızgınlık,0.7561747776033491,455
Nötr,0.8622810432074737,367
Olumlu,0.9078323221180364,259
Hayal Kırıklığı,0.754742857142857,125
Alay / İroni,0.48319327731092443,102
Üzüntü / Endişe,0.7103820598006645,86
