class,mrr,support
Kişisel Yorum / Gözlem,0.6595909342177999,603
Şikayet / Memnuniyetsizlik,0.7022983325822442,317
Hakaret / Aşağılama,0.8372857142857142,250
Kamuoyu Bilgilendirmesi / Uyarı,0.7761904761904761,211
Spam / Tanıtım,0.7192982456140351,152
Talep,0.7242323097463285,107
Dolandırıcılık / Sahte Kampanya,0.9821428571428571,84
Tehdit,0.9253521126760563,71
Mizah / Alay,0.373202614379085,51
Taciz,0.925925925925926,45
