{
  "subset_accuracy": 0.5003631082062454,
  "hamming_accuracy": 0.9200435729847495,
  "f1_micro": 0.7382933206560495,
  "f1_macro": 0.7294974271615816,
  "precision_micro": 0.6705526770293609,
  "recall_micro": 0.8212585933368588
}